text,label,source
The way Elon speaks it's like he's from the future and is careful not to say something to disrupt the time space continuum.,reaction,Joe Rogan Experience #1169 - Elon Musk
I love that Elon’s idea of a joke is creating a company,reaction,Joe Rogan Experience #1169 - Elon Musk
It looks like they both dressed to make the other person feel comfortable.,reaction,Joe Rogan Experience #1169 - Elon Musk
“I’d rather be optimistic and wrong than be pessimistic and right” -Elon Musk,hot_take,Joe Rogan Experience #1169 - Elon Musk
"In my opinion, this has to be one of the coolest aliens Joe Rogans ever interviewed.",reaction,Joe Rogan Experience #1169 - Elon Musk
When he talks to him about A.I its like he knows something he can't say ... he looks upset .. that scares me,reaction,Joe Rogan Experience #1169 - Elon Musk
How could I miss this master piece for Straight 7 Years,reaction,Joe Rogan Experience #1169 - Elon Musk
"This guy speaks like he knows something, and it freaks me out.",reaction,Joe Rogan Experience #1169 - Elon Musk
"I’d rather be optimistic and wrong than pessimistic and right.

-Elon",reaction,Joe Rogan Experience #1169 - Elon Musk
The guy builds spaceships and underground roads and talks about it like he made a grilled cheese sandwich.,hot_take,Joe Rogan Experience #1169 - Elon Musk
He talks like he can see invisible aliens in the room holding guns at him incase he mentions he has been granted time travel by the aliens he befriended,hot_take,Joe Rogan Experience #1169 - Elon Musk
"I wish Elon finds some true peace internally.  I found true peace by volunteering at nursing homes. Helping the elderly by spending time with them, and they share stories that help you grow your mind in a new way of thankfulness.  Plus it’s a great way to show the love that you were talking about.",reaction,Joe Rogan Experience #1169 - Elon Musk
Before Elon says something his mind is trying to predict every possible outcome for each sentence he wants to use.,hot_take,Joe Rogan Experience #1169 - Elon Musk
"""Hole in the ground is better than no hole in the ground."" -Elon Musk",reaction,Joe Rogan Experience #1169 - Elon Musk
"I have a whole different view of Elon after this interview. He is an incredibly empathetic person. He's so sad.... like anxiety-ridden... and all his worries are legitimate.... I couldn't imagine having his level of awareness and intelligence... and then trying to have anyone listen, or understand him.",reaction,Joe Rogan Experience #1169 - Elon Musk
“I tried for years to get people to slow down a.i. To get people to regulate a.i. but they wouldn’t listen” that was terrifying.,reaction,Joe Rogan Experience #1169 - Elon Musk
Watching in 2026. I want this Elon back.,reaction,Joe Rogan Experience #1169 - Elon Musk
He said he's an alien but no one is taking him seriously.,reaction,Joe Rogan Experience #1169 - Elon Musk
watching this in 2025 and man! Elon has changed a lot!,reaction,Joe Rogan Experience #1169 - Elon Musk
“A hole in the ground is better than no hole in the ground.” - Elon Musk 2018,hot_take,Joe Rogan Experience #1169 - Elon Musk
"""I'm an alien."" A comment by Elon Musk we should all take very serious.",reaction,Joe Rogan Experience #1169 - Elon Musk
So glad full episodes are back on YouTube!,reaction,Joe Rogan Experience #1169 - Elon Musk
He sounds like a doppleganger of himself who hasn't learned the part yet,reaction,Joe Rogan Experience #1169 - Elon Musk
I think it's hilarious about how excited Elon got after Joe said turn Mars into Jamaica. That brightened my day.,reaction,Joe Rogan Experience #1169 - Elon Musk
He speaks in such a calculated way. It makes me a little uncomfortable,reaction,Joe Rogan Experience #1169 - Elon Musk
elon was more cute and humble back then,reaction,Joe Rogan Experience #1169 - Elon Musk
"""I tried to convince people to slow down AI, to regulate AI. This was Futile."" The most terrifying sentence I have ever heard outside of a movie.",analysis,Joe Rogan Experience #1169 - Elon Musk
"""Spend more time with your friends and less on social media"" - Elon Musk",reaction,Joe Rogan Experience #1169 - Elon Musk
That’s the coolest and most fascinating chat I’ve seen so far,reaction,Joe Rogan Experience #1169 - Elon Musk
I can't wrap my head around how the media is more concerned about Elon taking a hit of weed than AI and where that's going.,hot_take,Joe Rogan Experience #1169 - Elon Musk
I like how Elon nods to let Joe know he’s done talking,reaction,Joe Rogan Experience #1169 - Elon Musk
The interview itself is billion times more interesting than all the weed clickbait articles combined. Shortsightness at it's clearest.,reaction,Joe Rogan Experience #1169 - Elon Musk
He just has a death crystal in his pocket and consults it everytime hes gonna answer a question.,reaction,Joe Rogan Experience #1169 - Elon Musk
7 years later and this is at 69 MILLION views. Unbelievable. And how far we've come since this interview..,reaction,Joe Rogan Experience #1169 - Elon Musk
"Joe got all dressed up for Elon and Elon probably thought he'd dress down for Joe. It's sort of sweet, in a way!",reaction,Joe Rogan Experience #1169 - Elon Musk
It’s interesting he never really answered the time management question,reaction,Joe Rogan Experience #1169 - Elon Musk
"Elon is the only person who can say I'm an alien and I have to think ""IS HE TELLING THE TRUTH?????""",reaction,Joe Rogan Experience #1169 - Elon Musk
"Why doesn't this podcast show up under the ""popular"" section of JRE as the #1 podcast by views?",analysis,Joe Rogan Experience #1169 - Elon Musk
This is the moment the timeline changed forever,reaction,Joe Rogan Experience #1169 - Elon Musk
It's so weird to see how people talked about Elon way back when compared to now.,reaction,Joe Rogan Experience #1169 - Elon Musk
The difference in public opinion on these 2 over 6 years. ...,reaction,Joe Rogan Experience #1169 - Elon Musk
I love how his reasoning for starting the tunnels in L.A. is because he lives there.,analysis,Joe Rogan Experience #1169 - Elon Musk
Great watching this in 2024,reaction,Joe Rogan Experience #1169 - Elon Musk
The fact he speaks in past tense about sentient AI makes me very nervous,reaction,Joe Rogan Experience #1169 - Elon Musk
You can tell Joe was nervous for this interview based on his shirt choice.,reaction,Joe Rogan Experience #1169 - Elon Musk
"When Elon said "".. nobody listened.. "" I legit got scared",reaction,Joe Rogan Experience #1169 - Elon Musk
Can anyone notice the change in Elon's confidence  from this video and his wonderful impromptu speeches on the stage with Donald Trump?,hot_take,Joe Rogan Experience #1169 - Elon Musk
Elon looked at that sword like he’d visually scanned it with his own eyes to really see if it was from the 1500’s lol,reaction,Joe Rogan Experience #1169 - Elon Musk
He looks like he’s speed reading off an invisible book when answering,reaction,Joe Rogan Experience #1169 - Elon Musk
"He was so stiff in this episode, he is so much looser in the newest one!",reaction,Joe Rogan Experience #1169 - Elon Musk
"this still stays the most watched, at this point Trump one had 60M views",reaction,Joe Rogan Experience #1169 - Elon Musk
No one pauses like Elon Musk: both frightening and intriguing.,reaction,Joe Rogan Experience #1169 - Elon Musk
I just come here every 3-4 hours to see how things are going,reaction,Joe Rogan Experience #1169 - Elon Musk
When Elon is worried about A.I. it means you should be worried,analysis,Joe Rogan Experience #1169 - Elon Musk
"Watch this then watch the second interview, Elon seems a totally different guy",reaction,Joe Rogan Experience #1169 - Elon Musk
Fairly convinced that this guy has an Iron Man suit that he's been tinkering on in his garage....,reaction,Joe Rogan Experience #1169 - Elon Musk
Love Elons silent head nods after he makes a statement,reaction,Joe Rogan Experience #1169 - Elon Musk
"I could not find a single news article that didn't make their main focus on the fact that he ""smoked"". For this interview, and the topics they talked about, that was the least interesting part. It made me lose even more respect for their lack of real journalism.",analysis,Joe Rogan Experience #1169 - Elon Musk
Do people want privacy? because they seem to put everything on the internet.' Truer words...truer words...Elon speaks truth.,reaction,Joe Rogan Experience #1169 - Elon Musk
He talks like an AI unlocking the feeling of understanding,reaction,Joe Rogan Experience #1169 - Elon Musk
"Crazy, this is only a few days old and it's already the most viewed JRE Podcast of all time.",reaction,Joe Rogan Experience #1169 - Elon Musk
He just gained support from so many people.,reaction,Joe Rogan Experience #1169 - Elon Musk
I feel like he knows something and is trying to tell us but is afraid to tell us at the same time because there’s consequences to him exposing the truth,reaction,Joe Rogan Experience #1169 - Elon Musk
"I've never heard the word ""pit"" that many times in less than 10 minutes",reaction,Joe Rogan Experience #1169 - Elon Musk
"EDIT: CONSPIRACY! Elon Musk took it upon himself to “try out” technology similar to neuralink and that’s why he is the way he is currently. It’s far fetched but he’s also naturally a genius and using a prototype of the neuralink made it possible for him, intelligence-wise, to turn it into a company and bring it to the public.",analysis,Joe Rogan Experience #1169 - Elon Musk
I love seeing joe talk to Elon. Like he can ask all his crazy bullshit questions and Elon is crazy enough to take them seriously and smart enough to actually answer them.,reaction,Joe Rogan Experience #1169 - Elon Musk
I'm ashamed of my self it took me so long to watch this podcast,hot_take,Joe Rogan Experience #1169 - Elon Musk
Joe Rogan fans have been waiting a long time for this interview,reaction,Joe Rogan Experience #1169 - Elon Musk
"""Love is the answer. People should be nicer to each other. Give more credit to others. Don't assume that they're mean until you know that they're actually mean. It's easy to demonise people, [but] you're usually wrong about it. People are nicer than you think."" - Elon Musk",reaction,Joe Rogan Experience #1169 - Elon Musk
"The coolest part about this interview is that in the comments section which are almost universally negative and full of trolls, people are overwhelming in support of Elon Musk. Even going so far to bash the mainstream media outlets on their own channels when they criticize him for taking a quick puff from a legal, natural plant in his downtime. It’s +1 for hope in humanity.",reaction,Joe Rogan Experience #1169 - Elon Musk
the world owes Alex Jones an apology,reaction,Joe Rogan Experience #1555 - Alex Jones & Tim Dillon
Alex is unironically a genius,reaction,Joe Rogan Experience #1555 - Alex Jones & Tim Dillon
Every Alex Jones conversation ages like fine wine,reaction,Joe Rogan Experience #1555 - Alex Jones & Tim Dillon
"Love how the older this gets, the more sense it makes",reaction,Joe Rogan Experience #1555 - Alex Jones & Tim Dillon
Alex Jones didn't waste any time he went straight to business...,reaction,Joe Rogan Experience #1555 - Alex Jones & Tim Dillon
Watching this 5 years later. You can clearly tell Joe was beginning to be comprised.,reaction,Joe Rogan Experience #1555 - Alex Jones & Tim Dillon
Alex Jones sounds like he has a diesel generator in his throat...,hot_take,Joe Rogan Experience #1555 - Alex Jones & Tim Dillon
"I want Alex Jones to voice the radio host in the next Fallout game, and talk about all the crazy stuff going on in the wasteland",hot_take,Joe Rogan Experience #1555 - Alex Jones & Tim Dillon
Alex makes Joe look like he gets his news from CNN,reaction,Joe Rogan Experience #1555 - Alex Jones & Tim Dillon
I'm starting to think that Alex Jones is a time traveler,reaction,Joe Rogan Experience #1555 - Alex Jones & Tim Dillon
This aged like wine,reaction,Joe Rogan Experience #1555 - Alex Jones & Tim Dillon
It's time to have Alex on again Joe,reaction,Joe Rogan Experience #1555 - Alex Jones & Tim Dillon
Never clicked on a video faster than this.,reaction,Joe Rogan Experience #1555 - Alex Jones & Tim Dillon
I don't think fact-checking Alex Jones went the way Spotify wanted. They're seething.,hot_take,Joe Rogan Experience #1555 - Alex Jones & Tim Dillon
"Alex Jones not flinching when Joe tells Jaime ""I hope you're googling this""",hot_take,Joe Rogan Experience #1555 - Alex Jones & Tim Dillon
"""I think we should be humans for as long as we can""

-Tim Dillon",hot_take,Joe Rogan Experience #1555 - Alex Jones & Tim Dillon
6.2 million views in less than 24 hours and they don't even put it on the trending list. Someones mad their podcast sweetheart is leaving their team.,hot_take,Joe Rogan Experience #1555 - Alex Jones & Tim Dillon
Youtube just put this gem in my front page and I just smiled like a kid on Christmas,hot_take,Joe Rogan Experience #1555 - Alex Jones & Tim Dillon
"10 million views in 3 days.
Even when YouTube tries to hide it. 
The Alex Jones effect.",hot_take,Joe Rogan Experience #1555 - Alex Jones & Tim Dillon
Joe was blind.... today he changed his mind,reaction,Joe Rogan Experience #1555 - Alex Jones & Tim Dillon
"Everyone should rewatch this in 2026, it proves how wrong they were about Trump and how right they were about the elites.",hot_take,Joe Rogan Experience #1555 - Alex Jones & Tim Dillon
Well well well. I'm 5 minutes into this interview on it seems just as relevant and true as it did 5 years ago when it came out,hot_take,Joe Rogan Experience #1555 - Alex Jones & Tim Dillon
"This was the start of Joe beginning to reject to speak about conspiracies or even exploring some. If you look at episode before and current, you see the massive difference",analysis,Joe Rogan Experience #1555 - Alex Jones & Tim Dillon
I'm watching this 5 years since it's posting......Alex is right about everything. Joe is programmed.,analysis,Joe Rogan Experience #1555 - Alex Jones & Tim Dillon
Alex told us a lot of truth. From the day Alex started exposing he's been spot on.,hot_take,Joe Rogan Experience #1555 - Alex Jones & Tim Dillon
Alex jones’ voice sounds like a diesel engine,reaction,Joe Rogan Experience #1555 - Alex Jones & Tim Dillon
Joe is stopping him TOO much. He’s not listening,reaction,Joe Rogan Experience #1555 - Alex Jones & Tim Dillon
"this podcast isnt long enough, Alex's voice isn't deep enough.",reaction,Joe Rogan Experience #1555 - Alex Jones & Tim Dillon
Joe Rogan Ruined this episode.. We need a Just Tim Dillon and Alex Jones hang out.,hot_take,Joe Rogan Experience #1555 - Alex Jones & Tim Dillon
Alex jones was right about everything!!!,reaction,Joe Rogan Experience #1555 - Alex Jones & Tim Dillon
Some people have a gravelly voice. Alex Jones' voice is bouldery.,reaction,Joe Rogan Experience #1555 - Alex Jones & Tim Dillon
"I loved seeing Tim back up Alex because Joe seems to be so worried about how what Alex is saying may come off as. Tim just needs to have Alex on, we didn’t get to hear enough of what Tim was saying.",analysis,Joe Rogan Experience #1555 - Alex Jones & Tim Dillon
Tim Dillon looks like a teenager,reaction,Joe Rogan Experience #1555 - Alex Jones & Tim Dillon
Currently the most popular episode in the history of YouTube,reaction,Joe Rogan Experience #1555 - Alex Jones & Tim Dillon
This podcast needed to happen. The universe is a little more in balance now.,hot_take,Joe Rogan Experience #1555 - Alex Jones & Tim Dillon
Alex Jones sounds like he’s talking into a fan,reaction,Joe Rogan Experience #1555 - Alex Jones & Tim Dillon
He needs Alex and Tim back on together!!!!,reaction,Joe Rogan Experience #1555 - Alex Jones & Tim Dillon
He needs Alex and Tim back on together!!!!,reaction,Joe Rogan Experience #1555 - Alex Jones & Tim Dillon
The most mind blowing thing in this is that Alex Jones is 47 and younger than joe,hot_take,Joe Rogan Experience #1555 - Alex Jones & Tim Dillon
Alex was right all along,reaction,Joe Rogan Experience #1555 - Alex Jones & Tim Dillon
alex jones sounds like he has 2 voices speaking at the same time,reaction,Joe Rogan Experience #1555 - Alex Jones & Tim Dillon
The world is alot more interesting with guys like Alex,reaction,Joe Rogan Experience #1555 - Alex Jones & Tim Dillon
it’s crazy that it’s already been 3 years since this podcast came out…time flies,analysis,Joe Rogan Experience #1555 - Alex Jones & Tim Dillon
I desperately require another Alex Jones episode.,reaction,Joe Rogan Experience #1555 - Alex Jones & Tim Dillon
The Alex Jones' JREs are the best,reaction,Joe Rogan Experience #1555 - Alex Jones & Tim Dillon
Joe trying so hard to be “reasonable” he sounds like a gatekeeper.,analysis,Joe Rogan Experience #1555 - Alex Jones & Tim Dillon
I literally listen to this every night,reaction,Joe Rogan Experience #1555 - Alex Jones & Tim Dillon
Tim is seriously growing on me.,reaction,Joe Rogan Experience #1555 - Alex Jones & Tim Dillon
"Every single time in this podcast I was starting to get really interested, Joe would interrupt and stop everything by doing a mandatory fact check and stopping the conversation. if you're sitting there hoping it changes. It doesn't.",analysis,Joe Rogan Experience #1555 - Alex Jones & Tim Dillon
I miss Alex Jones being on YouTube. He's like the crazy shit talking uncle I never had.,reaction,Joe Rogan Experience #1555 - Alex Jones & Tim Dillon
"I fall asleep to this podcast all the time. We need a new Alex Jones episode with Eddie, Tim and Alex all together.",hot_take,Joe Rogan Experience #1555 - Alex Jones & Tim Dillon
I appreciate Joe's patience,reaction,Joe Rogan Experience #1555 - Alex Jones & Tim Dillon
"The difference in Joe's attitude between hearing Randall Carson talking about climate change being a natural process as proven by ice core samples, and hearing Alex Jones saying the exact same thing..",analysis,Joe Rogan Experience #1555 - Alex Jones & Tim Dillon
We owe Alex Jones an apology,reaction,Joe Rogan Experience #1555 - Alex Jones & Tim Dillon
"Returning to this in 2026, with the recent file releases, feels disturbing, but also like a strange full-circle moment",hot_take,Joe Rogan Experience #1555 - Alex Jones & Tim Dillon
The first 5 minutes off the rip hits diffrent in 2026 and im not even joking. This is possibly rogans best episode ever,hot_take,Joe Rogan Experience #1555 - Alex Jones & Tim Dillon
I’d pay money to see these two back on,reaction,Joe Rogan Experience #1555 - Alex Jones & Tim Dillon
"Joe, long time listener. Have him back on please.",reaction,Joe Rogan Experience #1555 - Alex Jones & Tim Dillon
Alex jones and Tim Dillon are national treasures. Modern day diogenes,reaction,Joe Rogan Experience #1555 - Alex Jones & Tim Dillon
I love watching Joe with Alex lol he is so good with him and stays so calm.,reaction,Joe Rogan Experience #1555 - Alex Jones & Tim Dillon
Watching this now and seeing Joe being so skeptical about everything is crazy!!! Alex jones was right on a lot of this stuff,reaction,Joe Rogan Experience #1555 - Alex Jones & Tim Dillon
"After now listening to Tim Dillon for years, that’s the most I’ve ever heard him laugh.",reaction,Joe Rogan Experience #1555 - Alex Jones & Tim Dillon
This is probably the most annoyed I’ve ever been with Joe lol,reaction,Joe Rogan Experience #1555 - Alex Jones & Tim Dillon
Thank you Joe and Alex. The conditioning could not be broken without you two,hot_take,Joe Rogan Experience #1555 - Alex Jones & Tim Dillon
Alex jones was right the whole time and all his fans knew it…funny to be back to this podcast in 2026 and everything he said was true..,hot_take,Joe Rogan Experience #1555 - Alex Jones & Tim Dillon
"I feel a little crazy knowing that when this aired I would agree with the stances Joe is taking; and I still do agree fact checking, and making counterpoints is non-negotiable in a discussion like this. But now ~6 years later, it's frustrating to see Joe instantly try to shut down anything that could be considered a ""conspiracy"", or outside of the general population's group-think.",analysis,Joe Rogan Experience #1555 - Alex Jones & Tim Dillon
Would love to hear what Alex Jones has to say today after everything that has come to light,reaction,Joe Rogan Experience #1555 - Alex Jones & Tim Dillon
Need another Alex Jones episode,reaction,Joe Rogan Experience #1555 - Alex Jones & Tim Dillon
"JR thought he was the voice of reason on this. But waay more people have seen the way the machine and its representatives work. So he just looks like an apologist for people who have claimed to be doing things for the betterment of humanity, meanwhile plotting our elimination step by step, more obvious by the day. 
Also tho Alex does need to calm tf down",analysis,Joe Rogan Experience #1555 - Alex Jones & Tim Dillon
We need Alex and Tim back on the pod ASAP,reaction,Joe Rogan Experience #1555 - Alex Jones & Tim Dillon
Mike's breathing has more horsepower than my car,reaction,Joe Rogan Experience #1805 - Mike Tyson
Mike's wisdom is truly unbelievable. Guy is wholesome,reaction,Joe Rogan Experience #1805 - Mike Tyson
"""your legacy is not what you accomplish, it's what your children say about you at the end of the day"". ... I absolutely LOVE this man... If a man lives by this principle, and loves his neighbor as himself, this world would be a wonderful place.",analysis,Joe Rogan Experience #1805 - Mike Tyson
"You can see how happy and comfortable Mike is with Joe, he's never this open and  transparent with anybody in interviews, this is what Joe does he doesn't interview he has a conversation, compare this to when Mike spoke with Vlad completely different Mike Tyson.",analysis,Joe Rogan Experience #1805 - Mike Tyson
"i love way Mike Tyson is open to learn things or the perspective he takes when talking to Joe. He reminds me of me when I'm stoned. When Joe asked Mike if he knew about the giant chimpanzees and he lite up and he responds so  enthusiastically ""no but lets check it out."" made me laugh. Not only is he one of the baddest most driven and discipline men on the planet,  i bet he be one of the coolest mfer to smoke a joint and kick it with. it would make my year to smoke a joint with Mike Tyson! Thank you for another great pod cast Joe keep em coming!",reaction,Joe Rogan Experience #1805 - Mike Tyson
"Ain't never gonna be another Mike Tyson, he's the greatest EVER!",reaction,Joe Rogan Experience #1805 - Mike Tyson
They had some good chemistry this episode. Great listen,reaction,Joe Rogan Experience #1805 - Mike Tyson
Mike Tyson is an intelligent man.,reaction,Joe Rogan Experience #1805 - Mike Tyson
I actually really enjoy Mikes philosophy. He is way smarter than I first anticipated,reaction,Joe Rogan Experience #1805 - Mike Tyson
When Mike says “listen” I’m listening!!,reaction,Joe Rogan Experience #1805 - Mike Tyson
Really love the Iron Mike Tyson story .. followed him for decades massive fan of him .. he’s been to the very top of his sport and wealth to the very bottom again and am glad to see him rise and become the man and person nobody could see outside the sport of boxing .. Mike is one very clever person don’t be fooled by his past .. great to see him being loved by the people,analysis,Joe Rogan Experience #1805 - Mike Tyson
Happiness is overcoming adversity-Mike Tyson,reaction,Joe Rogan Experience #1805 - Mike Tyson
Mike Tyson is a proper legend and the vibe he has the whole interview is fucking amazing. Love your work Joe and Mike,reaction,Joe Rogan Experience #1805 - Mike Tyson
Mike and Joe have so much in common in terms of interests it's crazy,hot_take,Joe Rogan Experience #1805 - Mike Tyson
I love watching Joe Rogan with Mike Tyson hang out. They have such a amazing vibe together,reaction,Joe Rogan Experience #1805 - Mike Tyson
i just love hearing mike speak he sounds like he been through it and wise,reaction,Joe Rogan Experience #1805 - Mike Tyson
I could listen to Mike Tyson everyday. I'm always so impressed with the things he knows about and that he really loves learning things. He is funny and wordly. What a life he has had and it is amazing how far he has come in his life and the growth as a human he has made. Mike is a winner in the ring and in life. I love you Mike!,analysis,Joe Rogan Experience #1805 - Mike Tyson
Mike is the most entertaining person he's interviewed yet.,reaction,Joe Rogan Experience #1805 - Mike Tyson
Mike Tyson is one of the most BEAUTIFUL human beings on the face of the planet. He's my favorite athlete of all time.,hot_take,Joe Rogan Experience #1805 - Mike Tyson
I love watching Mike laughing it’s great!,reaction,Joe Rogan Experience #1805 - Mike Tyson
At some points Mike sounds like Louis Armstrong! What a wonderful world...,hot_take,Joe Rogan Experience #1805 - Mike Tyson
"Joe is amazing, always in control.. normally what you/we would call the dominant person in the room ...in this interview/podcast he definitely avoids eye contact with Mike the whole time...eyes to the sky",reaction,Joe Rogan Experience #1805 - Mike Tyson
This is a perfect example of why Joe is the best...hes so comfortable..his guests feel so comfortable and then the magic happens...I always knew Mike was brilliant and deeply spiritual...but it really comes out in this podcast... because hes comfortable,analysis,Joe Rogan Experience #1805 - Mike Tyson
This guy is a philosopher. And a pretty good one.,reaction,Joe Rogan Experience #1805 - Mike Tyson
Joe Rogan gets better and better,reaction,Joe Rogan Experience #1805 - Mike Tyson
No one ever says anything bad about Mike Tyson. With being a beast. He's also a good guy.,hot_take,Joe Rogan Experience #1805 - Mike Tyson
"Mike talks about mentors, and it's true but he also was the type of kid to ask questions and listen. Sometimes survival needs a person to  be able to find the people in that environment who are beneficial. Not everybody can do that - that's an intellect. The first people to help him were the street criminals who flew pigeons. They physically protected him and showed him how to get money.

He's always found people who could help him (and helped them tremendously in return).",analysis,Joe Rogan Experience #1805 - Mike Tyson
"the greatest wild beast that ever got tamed is mike tyson, he has done a huge spiritual transformation since he was a fighter and he has become so wise!",reaction,Joe Rogan Experience #1805 - Mike Tyson
Mike never ceases to impress with his immense wisdom and knowledge across the board on countless topics  this version of mike  superceeds his prime  baddest man on the planet days older mike will command the crap out of young mike XD,analysis,Joe Rogan Experience #1805 - Mike Tyson
"Probably my favorite interview. They are both so natural and free flowing, smoking it up to boot. Cheers",hot_take,Joe Rogan Experience #1805 - Mike Tyson
"Mike is brilliant, I relate so much with him a lot with what he says because he gives it to you how he experiences it . I thought people around him made him play the game this way. But he’s doing what’s needed to sustain a life of a titan amongst mortal men. Super powers exist but in a human vessel. In Joes words (What a strange thing) . To be super man but be human as well. Crazy concoction. Why we are intrigued by people like Mike, and many others who’ve tapped into their gifts. I fuggs wit Mike . Salute king!!",reaction,Joe Rogan Experience #1805 - Mike Tyson
Mike is the living embodiment of what you can achieve when you have a positive father figure to guide you and the pitfalls of when you don't!,analysis,Joe Rogan Experience #1805 - Mike Tyson
I love listening to Mike talk story tells he speaks the truth,reaction,Joe Rogan Experience #1805 - Mike Tyson
Mike is so bright.,reaction,Joe Rogan Experience #1805 - Mike Tyson
Mike said “listen” over a thousand times in this podcast!,reaction,Joe Rogan Experience #1805 - Mike Tyson
"MIKE IS A LITERAL GODDAMN GENIUS, but i already knew this. this is a man that tapped into the all ether at a certain point in life, and his mind never forgot and never remained with that all seeing eye of knowledge and power. the man has more intuitive gifts that he trusts and accepts, it is refreshing to see.",analysis,Joe Rogan Experience #1805 - Mike Tyson
"What a great Iconic fighter and human Mike Tyson has become, love the guy, but unfortunately Boxing today is lost…its just not the great boxing days of the past with the build-up and all the prominent names and excitement that followed. 
I miss the heyday in boxing and all the legendary icons.",analysis,Joe Rogan Experience #1805 - Mike Tyson
Joe Rogan is never this agreeable,reaction,Joe Rogan Experience #1805 - Mike Tyson
Mike Tyson could had easily surpassed Muhammad Ali if Mike took boxing serious… at just 20 he was already superior than most boxers,analysis,Joe Rogan Experience #1805 - Mike Tyson
Joe needs to let Mike talk more. Mike is actually whipping Joe intellectually as well,hot_take,Joe Rogan Experience #1805 - Mike Tyson
Most overrated boxer ever,reaction,Joe Rogan Experience #1805 - Mike Tyson
"Joe Rogan is a bad Influence, smoking Weed on his podcast and offering guests to smoke",hot_take,Joe Rogan Experience #1805 - Mike Tyson
Tyson needs to be trainer,reaction,Joe Rogan Experience #1805 - Mike Tyson
"I strongly believe if Mike didn't had poor team at the last stage of his career, he would've ended his career like no one before.",analysis,Joe Rogan Experience #1805 - Mike Tyson
My father told me. It's not the size of the size of the man In the fight. It's the size of the fight In the man. Mike reminds me of my father. Thanks for everything Mr Tyson,reaction,Joe Rogan Experience #1805 - Mike Tyson
Your big cat is chuffing. He wants to know if you’re a threat. If you chuff back you’re telling him you’re not here to cause issues. But if you don’t chuff back….. it can be a sign that you are challenging.,analysis,Joe Rogan Experience #1805 - Mike Tyson
Mike and Joe talking about monkeys is very entertaining.,reaction,Joe Rogan Experience #1805 - Mike Tyson
I agree with the last dude. If it was a real fight Jake wouldn't do it.,analysis,Joe Rogan Experience #1805 - Mike Tyson
You can hear that he have smoked cigarettes his whole life.,reaction,Joe Rogan Experience #1805 - Mike Tyson
"I’ll listen to this 100 more times just to hear mike say, “no berries grow in the cold”",hot_take,Joe Rogan Experience #1805 - Mike Tyson
"You can see how happy and comfortable Mike is with Joe, he's never this open and  transparent with anybody in interviews, this is what Joe does he doesn't interview he has a conversation, compare this to when Mike spoke with Vlad completely different Mike Tyson.",analysis,Joe Rogan Experience #1805 - Mike Tyson
This man is a legend,reaction,Joe Rogan Experience #1805 - Mike Tyson
"i love way Mike Tyson is open to learn things or the perspective he takes when talking to Joe. He reminds me of me when I'm stoned. When Joe asked Mike if he knew about the giant chimpanzees and he lite up and he responds so  enthusiastically ""no but lets check it out."" made me laugh. Not only is he one of the baddest most driven and discipline men on the planet,  i bet he be one of the coolest mfer to smoke a joint and kick it with. it would make my year to smoke a joint with Mike Tyson! Thank you for another great pod cast Joe keep em coming!",reaction,Joe Rogan Experience #1805 - Mike Tyson
Just found your show through my interest in the human experience. I love it! Sitting here alone knitting and listening to such a variety of subjects and the most interesting of people's views is nothing short of brilliant. Thank you.,reaction,Joe Rogan Experience #1805 - Mike Tyson
15 minutes in and I can’t help but realize I’m listening to a couple of stoned dudes. Wow man…! So profound!,reaction,Joe Rogan Experience #1805 - Mike Tyson
Mike spitting wisdom for 3:30 hours,reaction,Joe Rogan Experience #1805 - Mike Tyson
"In my opinion..for what it’s worth obviously…that man is the greatest boxer that ever lived.end of.I feel privileged to have witnessed his greatness as a young teenager in the 80’s.There’s never going to be another Mike.
Hope he knows how much he is loved.
From London 
Peace",analysis,Joe Rogan Experience #1805 - Mike Tyson
Need another tyson podcast after the fight,reaction,Joe Rogan Experience #1805 - Mike Tyson
In this podcast i hear hey listen.. more than My English class in 15 years lol,reaction,Joe Rogan Experience #1805 - Mike Tyson
Joe rogan should run for president in 2028,reaction,Joe Rogan Experience #1805 - Mike Tyson
Joe Rogan gets better and better,reaction,Joe Rogan Experience #1805 - Mike Tyson
Mike breathes so loudly nowadays,reaction,Joe Rogan Experience #1805 - Mike Tyson
"Mike: Jordan, Tyson and Jackson. Best that is ever made",reaction,Joe Rogan Experience #1805 - Mike Tyson
"He's gained great wisdom because of his open mind, his curiosity, and his courage to go deep within and grapple with his demons. Few possess all three, thus, few possess wisdom.",analysis,Joe Rogan Experience #1805 - Mike Tyson
"Mike is incredibly knowledgable, you think he's just a fighter but man is he smart!",hot_take,Joe Rogan Experience #1805 - Mike Tyson
Theres too much scientific science out there. The most tyson quote ever,hot_take,Joe Rogan Experience #1805 - Mike Tyson
Love watching Mike be 100% comfortable funny and loving,reaction,Joe Rogan Experience #1805 - Mike Tyson
"Wow. Still smiling after listening. 
What a fascinating & interesting conversation. 
I learnt so much.
I will add Mike to my list of dinner table guests.",reaction,Joe Rogan Experience #1805 - Mike Tyson
"Omg man I love tyson, and so happy for him, he looks like he's very much at peace and very much relaxed in a positive aura, and man you're actually so funny, you the man Mike! I look up to you heaps and hope to change my life around.. currently suffering from drug addiction and a terrible rocky road, love from australia 🇦🇺 , keep doing you brother",reaction,Joe Rogan Experience #1805 - Mike Tyson
Love how well versed mike is in history,reaction,Joe Rogan Experience #1805 - Mike Tyson
